order_id,legacy_fdos,dbt_fdos,fdos_diff
00663fcb-7e1c-4747-818e-a0d266ee6724,2018-09-04T16:16:00,2018-09-06T07:57:00,39
015f8381-5db4-4d08-9b16-afc03c453982,2019-03-14T15:19:00,2019-03-15T11:49:00,20
01a67ac8-587b-4444-9749-ddd8c34f978a,2018-09-01T13:28:00,2018-09-03T10:15:00,45
01a80360-311b-47f1-8a76-042b9451673b,2019-06-22T13:47:00,2019-06-24T09:04:00,44
01b12908-d94b-49da-a6b4-e4b8d944fe90,2018-12-23T14:34:00,2018-12-24T10:17:00,20
01efeccb-9159-45d3-9f90-be46fffab857,2018-12-23T14:34:00,2018-12-24T10:17:00,20
027a9897-2ba5-47d8-a94d-29f8fbdc180e,2018-09-04T16:16:00,2018-09-06T07:57:00,39
03652365-80af-496d-8349-c77183135f88,2019-07-29T15:09:00,2019-07-30T10:03:00,19
038cbb95-2503-4caa-a935-7c25a3fe5c1a,2018-09-04T16:16:00,2018-09-06T07:57:00,39
0393f3de-1837-4d15-88d9-f3fe7feccff6,2019-02-04T11:38:00,2019-02-09T14:13:00,123
053a3164-b58b-48f2-8c44-6ad6074e3476,2018-09-01T13:28:00,2018-09-03T10:15:00,45
05d44035-28ad-4984-bbbe-2d26f1988c07,2018-09-04T16:16:00,2018-09-06T07:57:00,39
06077f4d-7408-4ee8-a872-e41b3bd715ad,2018-12-23T14:34:00,2018-12-24T10:17:00,20
07e0f442-7ab7-464d-9c78-4b964fade36b,2018-09-01T13:28:00,2018-09-03T10:15:00,45
083e4cc3-0def-4ae1-a80c-bfc843c4fdf4,2019-07-29T15:09:00,2019-07-30T10:03:00,19
08f9854b-13a3-459f-a767-1c08716cbd62,2018-09-01T12:19:00,2018-09-06T14:15:00,122
0a43298e-1375-47d4-ad11-05b308ba28fc,2018-09-04T16:16:00,2018-09-06T07:57:00,39
0aa1e88f-8458-4167-88d0-777127f6a742,2018-12-23T14:34:00,2018-12-24T10:17:00,20
0accbf06-b959-463a-becf-7949725a3d7a,2018-09-04T16:16:00,2018-09-06T07:57:00,39
0aeea7bf-a374-400b-b90d-6db0a63586f3,2018-09-01T12:19:00,2018-09-06T14:15:00,122
0af0c214-b9d7-4724-8bd5-e7134ff89da7,2018-09-04T16:16:00,2018-09-06T07:57:00,39
0afe0a59-aa78-4d81-81c3-a41ca0f0a553,2019-03-14T15:19:00,2019-03-15T11:49:00,20
0b84abc5-cde6-4193-94a0-b6a1d1de7818,2018-09-04T16:16:00,2018-09-06T07:57:00,39
0be122ab-9a9e-481f-af0b-3619de1d4205,2018-09-01T13:28:00,2018-09-03T10:15:00,45
0c3341ec-14b3-417d-a54b-30dfe191e432,2018-09-04T16:16:00,2018-09-06T07:57:00,39
0e2428d7-b71a-4f31-a024-c85bd5719180,2018-09-01T12:19:00,2018-09-06T14:15:00,122
0ead9992-9586-4b24-8107-b0137ed7760e,2018-09-01T12:19:00,2018-09-06T14:15:00,122
0f1ad477-e2ab-466d-9b27-5baa646e21b1,2018-09-01T13:28:00,2018-09-03T10:15:00,45
0f8c14dc-63a7-4f27-a104-fdb8c0c35ccc,2018-09-01T12:19:00,2018-09-06T14:15:00,122
0fbdd3b4-0afb-45a6-a673-0436916ec045,2018-09-01T13:28:00,2018-09-03T10:15:00,45
11cd4007-7269-4f0e-a08c-c6f303c6afb5,2019-03-14T15:19:00,2019-03-15T11:49:00,20
12422a8f-7551-4df9-93ce-d741cf83852f,2018-12-23T14:34:00,2018-12-24T10:17:00,20
125683b0-ab6f-4a79-963b-c6aa6274ea3e,2019-02-04T11:38:00,2019-02-09T14:13:00,123
12cba0aa-b0f3-47b8-b1a9-6ab1c2072d44,2019-02-04T11:38:00,2019-02-09T14:13:00,123
1310ae07-5caf-4c67-b0ab-866b4aa43d1a,2019-03-14T15:19:00,2019-03-15T11:49:00,20
137b666a-6b13-4618-b14f-cbf1c8c1900d,2018-09-01T13:28:00,2018-09-03T10:15:00,45
1418ca59-2451-47d3-a228-c76e4a7f155d,2019-03-14T15:19:00,2019-03-15T11:49:00,20
145b81db-1810-4e27-ada4-1587d5242489,2018-12-23T14:34:00,2018-12-24T10:17:00,20
148be9ae-c453-41ee-81d3-6580995f1665,2019-07-29T15:09:00,2019-07-30T10:03:00,19
151d0b6f-7dc3-4fc6-a2b6-8b1aa16afb71,2018-09-01T13:28:00,2018-09-03T10:15:00,45
164db74d-7789-4ab4-b9ab-42dbab001742,2019-03-14T15:19:00,2019-03-15T11:49:00,20
16c5ec9a-1a95-4d3d-98e4-f0cf3bf180eb,2018-12-23T14:34:00,2018-12-24T10:17:00,20
1719ad4b-918c-4529-a45a-cab6c762b7cf,2019-03-14T15:19:00,2019-03-15T11:49:00,20
17240284-0b95-412c-9031-7835744da637,2018-09-01T13:28:00,2018-09-03T10:15:00,45
173acb6e-79a8-43c7-aecd-5431e8e57807,2018-09-01T12:19:00,2018-09-06T14:15:00,122
18758fac-56d9-43a2-9f07-76972476b923,2018-09-01T12:19:00,2018-09-06T14:15:00,122
1877417c-320a-49a0-b957-b5555f54e49a,2018-12-23T14:34:00,2018-12-24T10:17:00,20
18c4a02f-b8dd-4b23-9b83-127db1f8f9b7,2018-12-23T14:34:00,2018-12-24T10:17:00,20
19a1e3f1-2cde-4a3e-8214-eb044add3012,2018-09-01T13:28:00,2018-09-03T10:15:00,45
1b328dda-64d8-4802-bdb3-8f242f1b6a4e,2019-06-22T13:47:00,2019-06-24T09:04:00,44
1b4548d8-dd93-44e5-a446-fcdd81a46ba7,2019-02-04T11:38:00,2019-02-09T14:13:00,123
1b472277-3b11-4b60-aa1f-27d179f5fc8e,2018-09-04T16:16:00,2018-09-06T07:57:00,39
1b60b6ee-c17b-441a-aa5f-d32a452ea354,2018-09-04T16:16:00,2018-09-06T07:57:00,39
1c209598-1817-4476-8dd7-ee20ad9c8195,2018-09-01T12:19:00,2018-09-06T14:15:00,122
1c499887-ee38-43ca-87c0-9d7fe425b229,2018-09-04T16:16:00,2018-09-06T07:57:00,39
1c785906-338c-453e-9eb9-3e04366e0fbf,2018-09-01T12:19:00,2018-09-06T14:15:00,122
1cd6211d-5080-4983-83e2-83b919066e6a,2018-09-01T13:28:00,2018-09-03T10:15:00,45
1dbde286-7213-4b8b-9d11-512b18f31ce1,2019-02-04T11:38:00,2019-02-09T14:13:00,123
1e021643-1883-48fd-b2db-b7e86110c123,2018-09-01T13:28:00,2018-09-03T10:15:00,45
1e1ebf0e-4572-49d9-a37e-4a7a6eb4d817,2018-12-23T14:34:00,2018-12-24T10:17:00,20
1e7d0300-4808-4744-97ce-eaa00f936e7d,2018-09-01T12:19:00,2018-09-06T14:15:00,122
1e88182c-2b58-4486-b1d3-9a40247f3d91,2018-09-04T16:16:00,2018-09-06T07:57:00,39
1ea9674b-a0d1-4bb8-81f5-3b4f332e8b0e,2018-12-23T14:34:00,2018-12-24T10:17:00,20
1eb32ad9-e91c-44ec-a6d6-f284da4cf081,2018-12-23T14:34:00,2018-12-24T10:17:00,20
1ec172df-90dc-4997-ba54-c9b308340a72,2018-09-01T12:19:00,2018-09-06T14:15:00,122
1fff530b-a8ce-4a64-8078-423a7486434b,2018-09-04T16:16:00,2018-09-06T07:57:00,39
209db5c8-1472-4ef3-b5d0-5a9cf491a2af,2018-09-01T12:19:00,2018-09-06T14:15:00,122
20d2bfb0-8f85-4a86-9943-9f53868f98e1,2018-12-23T14:34:00,2018-12-24T10:17:00,20
20df0a6e-4e47-43a7-ad60-5facf9f26d2b,2018-09-04T16:16:00,2018-09-06T07:57:00,39
21c353a9-0240-46f3-9c21-b810355c167b,2019-02-04T11:38:00,2019-02-09T14:13:00,123
21fd896e-5b15-4e01-9579-7d0c202ced48,2018-09-01T13:28:00,2018-09-03T10:15:00,45
227510ef-6688-4a90-a89c-e34197f29c55,2018-09-01T12:19:00,2018-09-06T14:15:00,122
235bcd51-ef56-473a-8a8d-20105e12e90c,2018-12-23T14:34:00,2018-12-24T10:17:00,20
23d27628-7a44-42b8-bc0f-7036cc286799,2018-09-01T13:28:00,2018-09-03T10:15:00,45
243b1b71-8d86-47d3-b61f-ef7dd6e8387e,2018-09-04T16:16:00,2018-09-06T07:57:00,39
244e52d5-a4b5-4584-badd-191681145720,2018-09-04T16:16:00,2018-09-06T07:57:00,39
24532162-7c36-4aee-81fa-2ebddee0211c,2018-09-01T13:28:00,2018-09-03T10:15:00,45
2466c190-7193-4ccb-8855-f9bef0ab652a,2018-09-01T13:28:00,2018-09-03T10:15:00,45
24e6e06e-3ebb-4747-9958-1b4b95837734,2018-09-04T16:16:00,2018-09-06T07:57:00,39
25464985-5614-43bd-bf6c-b519057bdf65,2018-09-01T13:28:00,2018-09-03T10:15:00,45
25558ceb-da27-4284-a564-56cea7119a25,2018-09-01T13:28:00,2018-09-03T10:15:00,45
25ad586a-6f4d-4039-821d-057b9135892c,2018-09-01T12:19:00,2018-09-06T14:15:00,122
25db26df-bf78-44ca-a173-887ad3be05e6,2018-09-01T13:28:00,2018-09-03T10:15:00,45
26a0df3b-a99a-446b-9cbb-b6a312c77f5f,2018-09-01T12:19:00,2018-09-06T14:15:00,122
26ec88e1-d79f-4a05-8cd1-a1ca92a38812,2019-03-14T15:19:00,2019-03-15T11:49:00,20
2708a527-c236-4aef-b65f-66a0e7b419e1,2018-12-23T14:34:00,2018-12-24T10:17:00,20
27484915-4ee9-4359-adba-67d002fcb3b3,2019-06-22T13:47:00,2019-06-24T09:04:00,44
27fd15a2-8a77-4f83-89e9-68f163141cfd,2018-09-04T16:16:00,2018-09-06T07:57:00,39
2920bde2-088a-40cc-9f41-a5dd3fa89a48,2019-02-04T11:38:00,2019-02-09T14:13:00,123
294b08c6-7170-4261-b084-e6936ef69978,2018-12-23T14:34:00,2018-12-24T10:17:00,20
29eb06d5-c7ee-4590-9095-3c16316b4e45,2018-09-01T12:19:00,2018-09-06T14:15:00,122
2a91e226-3247-4aac-933b-29b239377153,2018-12-23T14:34:00,2018-12-24T10:17:00,20
2a96f253-2f86-491a-8182-3765cfd2e28a,2018-09-01T12:19:00,2018-09-06T14:15:00,122
2a9fc144-35bc-4d93-b9cb-09628966ef53,2018-09-01T13:28:00,2018-09-03T10:15:00,45
2aae0d7a-652b-4cdb-a991-105358f93f8c,2019-02-04T11:38:00,2019-02-09T14:13:00,123
2ac998c9-daeb-4152-a008-67133bda4d3a,2019-06-22T13:47:00,2019-06-24T09:04:00,44
2b32bfd6-8a95-4c52-9ab3-802c64acac6b,2018-12-23T14:34:00,2018-12-24T10:17:00,20
2b603bc4-7b55-4cc3-8ba4-ec8d115c7df1,2019-07-29T15:09:00,2019-07-30T10:03:00,19
2bb9c45a-d7ed-4666-9d20-203ff125f429,2018-12-23T14:34:00,2018-12-24T10:17:00,20
2bd3a59f-0174-419f-b90b-c607c5fa9875,2019-02-04T11:38:00,2019-02-09T14:13:00,123
2bf9b285-72fe-4911-85f7-6eb79a1b8a76,2019-08-13T16:25:00,2019-08-19T13:35:00,141
2d8c859f-ba4a-4fd0-80c8-9d8a16ec64d7,2018-09-04T16:16:00,2018-09-06T07:57:00,39
2e1b587f-72e7-4b62-a201-f8b0ec864c0d,2018-12-23T14:34:00,2018-12-24T10:17:00,20
2e94e9b5-7aa9-494a-8652-b2d9fb77ae76,2018-09-01T13:28:00,2018-09-03T10:15:00,45
2eba2fc4-3d50-451b-958f-28238ced2394,2018-09-04T16:16:00,2018-09-06T07:57:00,39
2f6db2e9-ae62-4aa6-a86f-72f7eb4ef951,2018-09-04T16:16:00,2018-09-06T07:57:00,39
3017fc91-7514-4216-843d-3dfa2e728269,2018-09-01T13:28:00,2018-09-03T10:15:00,45
304db97c-906d-4bfe-835e-193d19a12f43,2019-03-14T15:19:00,2019-03-15T11:49:00,20
305b6722-5dc3-4091-9f48-99f11a691796,2018-09-01T13:28:00,2018-09-03T10:15:00,45
307bddab-2889-4c2f-9b4b-49f5e436c5bd,2019-02-04T11:38:00,2019-02-09T14:13:00,123
3117b88d-a98f-4703-be41-e884b3133de1,2018-12-23T14:34:00,2018-12-24T10:17:00,20
31a9d0fb-0e86-48fe-a240-6f4c20c1f113,2018-09-01T13:28:00,2018-09-03T10:15:00,45
31ada19d-838b-475f-9da9-f4c7f92f1f64,2018-09-04T16:16:00,2018-09-06T07:57:00,39
32a567de-89f4-435a-a049-0bc1b194fa9e,2018-09-01T13:28:00,2018-09-03T10:15:00,45
32a6e19a-c0af-4903-b10b-b360d34cd92d,2018-09-04T16:16:00,2018-09-06T07:57:00,39
32bee44b-17a6-4100-ba7d-a1bafa8f0f77,2018-12-23T14:34:00,2018-12-24T10:17:00,20
33b076c9-c052-42e6-b2bd-55d4e85ff0f2,2018-09-01T12:19:00,2018-09-06T14:15:00,122
33c7f344-6dfb-46a7-93c3-71749b617842,2018-12-23T14:34:00,2018-12-24T10:17:00,20
33dd9b0d-02b3-4a54-874d-e0c8572bc9eb,2019-03-14T15:19:00,2019-03-15T11:49:00,20
3514d86d-7848-42fb-9827-265339f8c6a9,2018-09-04T16:16:00,2018-09-06T07:57:00,39
351b2b70-e055-426d-b786-8cc3feb72efb,2018-09-01T12:19:00,2018-09-06T14:15:00,122
35c13de4-7d52-44dd-b7c9-5f25c2d4e733,2018-09-01T12:19:00,2018-09-06T14:15:00,122
3681b5e4-69d8-4fed-882c-28384970dc08,2018-09-01T12:19:00,2018-09-06T14:15:00,122
36a3f808-67c1-488a-bc78-1b5bdabe8bd5,2018-12-23T14:34:00,2018-12-24T10:17:00,20
37081079-901d-4dee-8700-2bf6864adc74,2018-09-04T16:16:00,2018-09-06T07:57:00,39
38427304-61a0-4471-aeae-2a5c81e3558c,2019-03-14T15:19:00,2019-03-15T11:49:00,20
38b5d34b-870d-4e25-a71c-02d7db1c5b91,2018-09-01T12:19:00,2018-09-06T14:15:00,122
39b6cfeb-fd02-4d07-a802-4759071d8bbf,2019-02-04T11:38:00,2019-02-09T14:13:00,123
3ac45303-8281-414a-b663-e1560a4c3cc7,2018-09-01T13:28:00,2018-09-03T10:15:00,45
3ad550ef-384c-4aec-8c4a-86ce7b6475f2,2019-06-22T13:47:00,2019-06-24T09:04:00,44
3b0cdd53-4a3c-47a4-ad0f-f643609c6af9,2018-09-01T13:28:00,2018-09-03T10:15:00,45
3b283c53-24e5-4e83-8a21-665c4e19b756,2018-09-04T16:16:00,2018-09-06T07:57:00,39
3c4cff78-9174-4d19-bad2-508328a8668e,2019-02-04T11:38:00,2019-02-09T14:13:00,123
3c5eb9d8-4778-46ac-8a03-1476e1a54ce0,2018-09-01T13:28:00,2018-09-03T10:15:00,45
3cd94734-e0c7-4b53-bfde-7edfd2a9b24b,2019-03-14T15:19:00,2019-03-15T11:49:00,20
3d67c34e-e1fc-4ae8-a09f-e1fb0624c221,2018-09-01T12:19:00,2018-09-06T14:15:00,122
3dbb79a0-b05b-44c3-890c-d00d5a85d749,2018-09-01T13:28:00,2018-09-03T10:15:00,45
3dbb82cb-369d-4d4a-9093-3b9375ab5808,2018-12-23T14:34:00,2018-12-24T10:17:00,20
3eb0f15e-531e-4d07-86f9-b5139259b58e,2018-09-01T12:19:00,2018-09-06T14:15:00,122
3eda2001-a68b-464a-812d-7447bf898894,2018-09-01T13:28:00,2018-09-03T10:15:00,45
3f39f737-6a66-4968-a63f-e13b5acf7df9,2018-12-23T14:34:00,2018-12-24T10:17:00,20
3f5f6bd6-ae20-4342-948e-489ccaa32f7e,2018-09-01T12:19:00,2018-09-06T14:15:00,122
404f274b-2cfa-4ad7-ae8a-e9fbcdb652e7,2018-09-01T12:19:00,2018-09-06T14:15:00,122
40d375ab-c5c8-45a3-a478-650fb21fccae,2018-09-01T13:28:00,2018-09-03T10:15:00,45
415878a4-f52c-4c66-a947-2e3b718ed88f,2019-06-22T13:47:00,2019-06-24T09:04:00,44
4176ff1d-7cac-42eb-9d0b-cab428d57cf5,2018-09-04T16:16:00,2018-09-06T07:57:00,39
41cc4270-18f9-42bd-94ac-aa7bb8a80b85,2018-12-23T14:34:00,2018-12-24T10:17:00,20
4254708c-c016-4261-ad44-0e10ff49e6ed,2019-02-04T11:38:00,2019-02-09T14:13:00,123
42b78f73-4115-4937-88b1-34c75b6a3e68,2018-09-01T12:19:00,2018-09-06T14:15:00,122
42e3dbd4-a067-45d8-a139-bce275834bd8,2019-03-14T15:19:00,2019-03-15T11:49:00,20
4400dbb3-001c-4487-acc0-90cf2453e2af,2018-09-01T12:19:00,2018-09-06T14:15:00,122
449bc03c-34c5-477a-9549-825a8266801a,2018-09-04T16:16:00,2018-09-06T07:57:00,39
45874c91-cb3b-4a0f-8a1c-efca297e002d,2019-02-04T11:38:00,2019-02-09T14:13:00,123
459bb4f2-3bfc-4e59-a5cb-7faeb56234c2,2018-09-01T12:19:00,2018-09-06T14:15:00,122
46d25c3e-2462-4084-a485-645051d0243b,2018-12-23T14:34:00,2018-12-24T10:17:00,20
47125239-cc57-4f73-b9d9-10eb556d9a9f,2018-09-01T12:19:00,2018-09-06T14:15:00,122
473151cc-ee12-4ec0-bb0b-0ecb91556c7d,2019-08-13T16:25:00,2019-08-19T13:35:00,141
473b9d18-654e-4881-a5a1-611d42b3a046,2018-09-04T16:16:00,2018-09-06T07:57:00,39
481b4960-a7ef-4a01-8037-c287696c4a41,2018-09-01T13:28:00,2018-09-03T10:15:00,45
485192ba-88a6-482b-8745-ced62c113e5a,2018-09-01T13:28:00,2018-09-03T10:15:00,45
4870251c-be8a-4aff-87d2-8abe862c0939,2018-09-01T12:19:00,2018-09-06T14:15:00,122
4a101c97-a53b-4757-bbea-4d7fe3fe5fa2,2018-09-01T12:19:00,2018-09-06T14:15:00,122
4bbe4d9c-b5b1-46c5-87b2-677a42a0cb09,2018-09-01T12:19:00,2018-09-06T14:15:00,122
4bea03f0-59a6-4a35-a167-f303ae968cee,2018-09-01T12:19:00,2018-09-06T14:15:00,122
4d27898f-b4f0-4b65-b930-8f1a6a9cc9c6,2018-09-01T12:19:00,2018-09-06T14:15:00,122
4d9a280e-1841-492b-9f4e-7b0fd6dda54d,2018-09-01T13:28:00,2018-09-03T10:15:00,45
4e862e09-73c6-478f-8903-53f216b30610,2019-02-04T11:38:00,2019-02-09T14:13:00,123
4ebfe4a1-edee-463d-958c-b90a22257527,2019-03-14T15:19:00,2019-03-15T11:49:00,20
4fe0547e-15a9-4d4b-9067-dbe3b0e0c775,2018-09-01T12:19:00,2018-09-06T14:15:00,122
5022701d-df62-4bb2-bcae-28526b248451,2018-09-04T16:16:00,2018-09-06T07:57:00,39
5039b1a7-2056-41bf-a9a6-233aa5db1240,2018-09-01T13:28:00,2018-09-03T10:15:00,45
506fc4dd-37d6-4ef0-9738-9dbf54c5514d,2018-12-23T14:34:00,2018-12-24T10:17:00,20
50d6a92a-4a39-45a5-b5aa-8af3a880114c,2019-03-14T15:19:00,2019-03-15T11:49:00,20
51487495-ec60-4ef1-b818-246bbc516b41,2018-09-01T13:28:00,2018-09-03T10:15:00,45
5172025a-dc8c-4e10-9dc1-6081b2d4b980,2018-09-04T16:16:00,2018-09-06T07:57:00,39
51f63c9f-76c1-409e-8800-c87ed62cdda4,2018-09-04T16:16:00,2018-09-06T07:57:00,39
51facd83-58d7-47cc-a242-06615f26be01,2018-09-04T16:16:00,2018-09-06T07:57:00,39
522b0917-fbc2-4dc4-a953-08c3e26cac28,2019-02-04T11:38:00,2019-02-09T14:13:00,123
5332516e-fd74-4641-9851-c3d53a04eb95,2019-03-14T15:19:00,2019-03-15T11:49:00,20
5510f68e-0ada-489f-8299-7460a6b3e698,2018-09-01T12:19:00,2018-09-06T14:15:00,122
560d18ac-638f-4c4e-a4e6-1e6c6cb87fb4,2018-09-01T13:28:00,2018-09-03T10:15:00,45
563344b0-8dd3-449f-9501-f7c540fa02ce,2018-09-01T12:19:00,2018-09-06T14:15:00,122
5635d02d-d062-471f-a6ab-2fe72f6e7cbd,2018-09-04T16:16:00,2018-09-06T07:57:00,39
5654cda9-7832-4a85-8a23-c103526f228a,2019-06-22T13:47:00,2019-06-24T09:04:00,44
571b70fa-75b3-4e0d-8bfc-e0011b928d86,2018-09-01T12:19:00,2018-09-06T14:15:00,122
5773ac6f-1553-4883-a340-95646ebe426d,2018-09-04T16:16:00,2018-09-06T07:57:00,39
57d1c7b7-90f6-4f74-9998-81d26d44a528,2018-09-04T16:16:00,2018-09-06T07:57:00,39
57fac994-b647-4eff-ad07-18de73105838,2018-09-04T16:16:00,2018-09-06T07:57:00,39
5876fb0c-7c91-403c-babe-a6701eb4a6eb,2018-09-04T16:16:00,2018-09-06T07:57:00,39
58a11e0f-9ea3-49d8-93a0-4bacd2801dae,2018-12-23T14:34:00,2018-12-24T10:17:00,20
5911d103-dfa7-412d-9607-8140b92e162b,2019-03-14T15:19:00,2019-03-15T11:49:00,20
5974b115-bf80-4d85-87b9-2d8fc9cae256,2019-03-14T15:19:00,2019-03-15T11:49:00,20
59a2c075-ded6-43df-900d-c34984d6be6b,2018-09-01T12:19:00,2018-09-06T14:15:00,122
59dc93b9-0489-4f57-94c9-05a281275022,2018-09-01T13:28:00,2018-09-03T10:15:00,45
5abaf5cb-e399-41a5-9758-a6857d9cb159,2018-09-04T16:16:00,2018-09-06T07:57:00,39
5c5494aa-e3de-49bb-b3ed-e194c14d2a0d,2019-06-22T13:47:00,2019-06-24T09:04:00,44
5d4b5fef-214c-4b44-bec4-24a6376c6789,2018-09-04T16:16:00,2018-09-06T07:57:00,39
5d9bd782-cb06-4346-8161-750bccb740fd,2018-09-04T16:16:00,2018-09-06T07:57:00,39
5da3237f-127b-4cb8-a8aa-d7b6d8574595,2018-09-01T12:19:00,2018-09-06T14:15:00,122
5dac21d6-ead4-452b-9d51-1514cd5786e8,2019-07-29T15:09:00,2019-07-30T10:03:00,19
5e014e07-a29f-4dee-8f0b-d528d6e91c88,2018-09-01T12:19:00,2018-09-06T14:15:00,122
5eab8b4e-c046-40b6-bf57-a7d27b0f0fdc,2019-06-22T13:47:00,2019-06-24T09:04:00,44
5ebc8c78-ef2b-44e5-96c0-490e02c0a503,2018-12-23T14:34:00,2018-12-24T10:17:00,20
5f1eccf0-f2d4-4e56-a449-c8cb818bf01d,2018-09-01T12:19:00,2018-09-06T14:15:00,122
5f793c9d-c0f7-4972-bb03-09fd1dd943b6,2018-09-01T13:28:00,2018-09-03T10:15:00,45
5fa23a17-1534-41aa-82af-9f12901e7858,2018-09-04T16:16:00,2018-09-06T07:57:00,39
620740e6-499e-46d1-9be0-78b71f5fa071,2018-09-01T13:28:00,2018-09-03T10:15:00,45
626308bb-40b5-435c-9b64-25c957c38d95,2018-09-01T12:19:00,2018-09-06T14:15:00,122
63c834f9-71b0-45a8-af05-e7ddfcd23983,2018-09-04T16:16:00,2018-09-06T07:57:00,39
64a3160f-57b6-440c-ae1d-2dcd91519505,2018-09-01T13:28:00,2018-09-03T10:15:00,45
64d72ab6-719a-44ea-bda2-9443b8ab7b44,2018-09-04T16:16:00,2018-09-06T07:57:00,39
65e0020c-4999-4147-988f-df0f0892562c,2018-12-23T14:34:00,2018-12-24T10:17:00,20
66de60e8-6644-4671-96c8-dcc509d85333,2019-08-13T16:25:00,2019-08-19T13:35:00,141
66e52647-2328-47f1-8ebc-0b35d9e2dc1d,2019-03-14T15:19:00,2019-03-15T11:49:00,20
67d3612d-f888-441e-a056-2ef487a62f61,2018-12-23T14:34:00,2018-12-24T10:17:00,20
67f195ac-8a30-4404-a5a5-2386bc404015,2018-09-01T13:28:00,2018-09-03T10:15:00,45
682105eb-8a10-49d0-ae8d-bce82d4e765d,2018-09-01T13:28:00,2018-09-03T10:15:00,45
684ec1ac-c68a-40ca-8086-e97b7d20a2bb,2018-09-04T16:16:00,2018-09-06T07:57:00,39
6940a98d-c366-42b0-8a22-56dc187f1ed7,2018-09-01T12:19:00,2018-09-06T14:15:00,122
6a0de69e-fb1a-4535-82d7-9971dd950f4c,2018-09-04T16:16:00,2018-09-06T07:57:00,39
6a11ef0f-9edd-42ea-a9ca-e2427e534ab6,2018-09-01T12:19:00,2018-09-06T14:15:00,122
6a376e73-c14b-445b-a731-de650da1ee5f,2018-09-01T13:28:00,2018-09-03T10:15:00,45
6af3aca4-ca57-4829-92f1-4f93208b33a7,2018-09-01T12:19:00,2018-09-06T14:15:00,122
6bae73ee-e797-46ac-b664-02cf85bc9338,2019-03-14T15:19:00,2019-03-15T11:49:00,20
6c4606c8-2e5b-4494-8f1c-31524ba28833,2019-02-04T11:38:00,2019-02-09T14:13:00,123
6c5df762-199a-4232-9511-491193a768ce,2018-09-01T12:19:00,2018-09-06T14:15:00,122
6e2680c4-7a40-4361-81ba-3e297bc4f056,2019-02-04T11:38:00,2019-02-09T14:13:00,123
6f4b8830-b367-4088-898d-891f6576a6f4,2019-02-04T11:38:00,2019-02-09T14:13:00,123
7037d375-597e-47f3-bf52-a43e35c2f5ff,2018-09-04T16:16:00,2018-09-06T07:57:00,39
7049fcc2-7ab9-4b5a-b1bb-6b23113dfc0b,2018-09-01T13:28:00,2018-09-03T10:15:00,45
707934cf-4bda-4f69-a494-ac684636fb8f,2018-09-01T13:28:00,2018-09-03T10:15:00,45
70eb95bf-0dc8-4e43-a36b-8463d411870b,2018-09-04T16:16:00,2018-09-06T07:57:00,39
70fb2b3f-567c-44d0-9b05-168c456a09db,2019-08-13T16:25:00,2019-08-19T13:35:00,141
72482006-6a7f-416d-aa00-6ac699be6f4e,2018-09-01T13:28:00,2018-09-03T10:15:00,45
7258535d-b5b2-4737-abdc-77b85f3865bb,2018-09-01T12:19:00,2018-09-06T14:15:00,122
72b304b6-4517-47bc-8c47-87e4bab2bb31,2018-09-01T13:28:00,2018-09-03T10:15:00,45
733bb774-96ff-4ac3-b2a5-7ff2441ae0b1,2019-08-13T16:25:00,2019-08-19T13:35:00,141
73753a6a-e645-43dd-b8aa-e752627c85ff,2018-09-01T12:19:00,2018-09-06T14:15:00,122
738c42fc-b001-4a61-8d6d-b07cda1ba8a8,2019-07-29T15:09:00,2019-07-30T10:03:00,19
73b6355b-ef85-45bd-b985-32d95da2cca2,2019-02-04T11:38:00,2019-02-09T14:13:00,123
7449b0b5-a55e-4b98-90d1-f6f579a8922f,2018-09-01T13:28:00,2018-09-03T10:15:00,45
7461416b-6587-4618-8201-808381cb58c8,2018-09-01T12:19:00,2018-09-06T14:15:00,122
74dadbad-e70f-4554-ae6c-bff9df16d8ae,2018-09-01T12:19:00,2018-09-06T14:15:00,122
755e54a2-7d28-423f-81b3-6fc1c01e56d0,2018-09-01T12:19:00,2018-09-06T14:15:00,122
75a703ae-f116-4856-9ac5-55b480756315,2019-06-22T13:47:00,2019-06-24T09:04:00,44
75cae846-14c2-49bf-9e3e-a6734e124c3c,2019-03-14T15:19:00,2019-03-15T11:49:00,20
760a81c9-282b-48cb-acf6-107f1bbfc359,2018-12-23T14:34:00,2018-12-24T10:17:00,20
76674976-9123-4a8d-b40a-54dbd072f466,2018-12-23T14:34:00,2018-12-24T10:17:00,20
767a054c-4778-4e6a-903b-6303a4b64739,2018-09-01T12:19:00,2018-09-06T14:15:00,122
770d2db9-3b0c-4243-9d2f-5791df94b773,2018-09-01T12:19:00,2018-09-06T14:15:00,122
774d8929-bdfe-4379-bfe4-11bf965fe5d2,2019-02-04T11:38:00,2019-02-09T14:13:00,123
77f70b9f-9999-4ae5-ab6e-a566ebbdb665,2018-09-01T12:19:00,2018-09-06T14:15:00,122
78667e8f-e0dc-4fa2-af43-1052b46d39a8,2018-09-04T16:16:00,2018-09-06T07:57:00,39
78fae22e-4020-49b0-a7ba-062095f827a7,2018-09-01T12:19:00,2018-09-06T14:15:00,122
790dbc5f-325c-4f25-9e5d-514e785b67e0,2018-09-01T13:28:00,2018-09-03T10:15:00,45
7993db5d-e8d7-4d82-bbb8-fedd2ea0d1e0,2019-02-04T11:38:00,2019-02-09T14:13:00,123
79d5f23f-2980-480c-aa2d-e7c8ecac1823,2019-03-14T15:19:00,2019-03-15T11:49:00,20
7a26a203-207b-4047-a38b-c29dae1e153c,2018-12-23T14:34:00,2018-12-24T10:17:00,20
7a419dfb-e971-4ba0-8f33-4d28e7a9591f,2018-09-01T12:19:00,2018-09-06T14:15:00,122
7a54833b-c273-4609-bc53-7415b23e992c,2019-03-14T15:19:00,2019-03-15T11:49:00,20
7ac4d006-fb85-43da-83ec-7ee1de2bee4b,2018-09-04T16:16:00,2018-09-06T07:57:00,39
7b10061d-ce12-4d0d-809f-76da0d483cef,2018-09-01T12:19:00,2018-09-06T14:15:00,122
7bb56b56-3663-44cd-9cba-1b82bc25ff90,2018-12-23T14:34:00,2018-12-24T10:17:00,20
7bc14653-f417-4755-b481-4e8bc85d5c35,2019-03-14T15:19:00,2019-03-15T11:49:00,20
7cd78815-0c3c-4d24-b217-b4ad7e40462f,2018-12-23T14:34:00,2018-12-24T10:17:00,20
7deb7b4a-b716-4db6-aed3-10a5c6b447b3,2018-09-04T16:16:00,2018-09-06T07:57:00,39
7f57197a-4d40-4119-a4cf-eaa27fa74b50,2018-12-23T14:34:00,2018-12-24T10:17:00,20
7fdebd7d-68f7-4f20-a7fd-b9cda47f37e3,2018-09-01T13:28:00,2018-09-03T10:15:00,45
80531a1a-3f43-4af7-a370-220d0115b005,2019-02-04T11:38:00,2019-02-09T14:13:00,123
81a66391-831f-419a-bfe1-83b7709e98c2,2018-09-01T13:28:00,2018-09-03T10:15:00,45
82a3bac5-b738-4101-a921-caea3c630515,2018-09-01T13:28:00,2018-09-03T10:15:00,45
82def32a-f2c7-4059-ac14-e2c274f76348,2018-09-01T13:28:00,2018-09-03T10:15:00,45
852c7e71-88c4-4eec-9541-7aced2b8f0ff,2018-12-23T14:34:00,2018-12-24T10:17:00,20
85437119-0c74-43d9-8ba3-c68e4a33f40e,2018-09-04T16:16:00,2018-09-06T07:57:00,39
85bf60f8-1608-4cc5-9e5a-4623620a7d52,2018-09-04T16:16:00,2018-09-06T07:57:00,39
88423c55-cbbd-48b3-9bde-f897a980a915,2018-09-01T13:28:00,2018-09-03T10:15:00,45
892c345d-8eac-4615-ab0d-af183a8725ab,2019-02-04T11:38:00,2019-02-09T14:13:00,123
8a2f2faa-5ea7-4fb4-9cd8-7e96db3d02cc,2019-06-22T13:47:00,2019-06-24T09:04:00,44
8a39925d-c851-4ae7-a706-c61108006ef1,2019-02-04T11:38:00,2019-02-09T14:13:00,123
8aba3be2-94e9-42db-b839-b90df0326b3e,2018-09-01T12:19:00,2018-09-06T14:15:00,122
8b080677-d152-4688-8b07-5f74d6cc1e12,2019-02-04T11:38:00,2019-02-09T14:13:00,123
8b9a23c8-6fa2-4f36-b93d-833c6372c14f,2018-09-01T13:28:00,2018-09-03T10:15:00,45
8bbf316d-1c78-4163-9894-14e4fea85673,2019-02-04T11:38:00,2019-02-09T14:13:00,123
8c139f8c-a433-4ce3-a2b6-a80cf22a6bbd,2018-09-01T12:19:00,2018-09-06T14:15:00,122
8c8c0af6-35b0-431d-91b2-5046f51a01bc,2018-09-01T12:19:00,2018-09-06T14:15:00,122
8d5d6df6-bc81-4963-bc71-d5c72637b7f9,2019-06-22T13:47:00,2019-06-24T09:04:00,44
8d9cf1cd-17f5-48f8-a988-28524441157e,2018-09-04T16:16:00,2018-09-06T07:57:00,39
8e1dccd2-5709-4869-91e6-9487d3a8edac,2018-12-23T14:34:00,2018-12-24T10:17:00,20
8e4f75c7-8600-4c51-9602-e526a6576a42,2018-12-23T14:34:00,2018-12-24T10:17:00,20
8e4fab4d-c9fe-4f64-8907-9b8c89dc48c8,2018-09-04T16:16:00,2018-09-06T07:57:00,39
8efe897b-7040-4987-a5df-d3745f7535df,2019-03-14T15:19:00,2019-03-15T11:49:00,20
8f28c005-b164-4d4e-aa30-5e5ba434fadc,2018-12-23T14:34:00,2018-12-24T10:17:00,20
8f8ce1f2-5c26-4700-8fa7-95e617791ce8,2018-09-01T12:19:00,2018-09-06T14:15:00,122
90a69691-864a-4b83-b84b-60586b049724,2018-09-01T12:19:00,2018-09-06T14:15:00,122
911428e8-583e-4b0d-a5a3-3563d36fe2ac,2018-09-01T13:28:00,2018-09-03T10:15:00,45
918461d1-9e91-40e0-a1b8-388760805501,2018-09-01T12:19:00,2018-09-06T14:15:00,122
91ee2f37-81f5-4dc2-8552-170dc020c229,2018-12-23T14:34:00,2018-12-24T10:17:00,20
929fbe58-a10d-4273-b98d-3e92fd3a78c7,2018-12-23T14:34:00,2018-12-24T10:17:00,20
931ae055-1f88-44d2-8689-af0e04b2bbf4,2019-02-04T11:38:00,2019-02-09T14:13:00,123
934d9ea2-1af9-4165-8c7e-a0ade2f459d2,2019-03-14T15:19:00,2019-03-15T11:49:00,20
93a798d6-77f9-46fe-87f3-4021fa507194,2018-09-01T12:19:00,2018-09-06T14:15:00,122
9407b602-75b4-49cd-972f-bb363d107961,2018-09-01T12:19:00,2018-09-06T14:15:00,122
94ce210c-94bf-4da0-85c8-044a14b21ea2,2019-06-22T13:47:00,2019-06-24T09:04:00,44
95272024-c747-441b-a94b-6d1192dacfde,2018-09-01T13:28:00,2018-09-03T10:15:00,45
9560f77c-f5ce-4a69-9869-e4df1c18fb1e,2018-09-01T12:19:00,2018-09-06T14:15:00,122
95e9eb0a-038e-4e48-a1e8-00e97a4ef20c,2018-09-01T12:19:00,2018-09-06T14:15:00,122
9631a38d-5354-48a2-841c-ecb695155254,2018-09-01T12:19:00,2018-09-06T14:15:00,122
97ae1d90-279d-4250-82a1-364630d0df53,2018-09-04T16:16:00,2018-09-06T07:57:00,39
97e239df-18b8-4977-af07-412717a28301,2018-09-04T16:16:00,2018-09-06T07:57:00,39
97f54e9f-bdb5-4566-a7a2-2e297b7a0fbb,2018-09-04T16:16:00,2018-09-06T07:57:00,39
98e0e5da-4773-461d-87a8-098a59adc74d,2018-09-04T16:16:00,2018-09-06T07:57:00,39
9945e74f-4cf9-40dd-8efd-05b33c8f6ba9,2018-09-01T12:19:00,2018-09-06T14:15:00,122
9969295a-4527-473b-a475-e1feb2c64c8c,2019-02-04T11:38:00,2019-02-09T14:13:00,123
99e38bde-c30f-4224-b2c5-e651b8cb7d3e,2019-02-04T11:38:00,2019-02-09T14:13:00,123
99f5a4ce-9733-42a2-b3df-aa082a99ffbe,2018-12-23T14:34:00,2018-12-24T10:17:00,20
9b043b25-1a95-45e2-9de6-9045590bed5d,2019-02-04T11:38:00,2019-02-09T14:13:00,123
9b2ea88d-39d2-4a66-ac37-6ec57c8aeee7,2018-09-04T16:16:00,2018-09-06T07:57:00,39
9bf70d59-78af-4ea9-9c8e-46624387901c,2018-12-23T14:34:00,2018-12-24T10:17:00,20
9c0d4516-3427-4a74-9017-cae00c66d169,2018-12-23T14:34:00,2018-12-24T10:17:00,20
9c4ee191-d39c-4567-9624-254959aa91ac,2019-03-14T15:19:00,2019-03-15T11:49:00,20
9d32191b-4242-4023-b529-6ff63c92e89d,2018-09-04T16:16:00,2018-09-06T07:57:00,39
9dfd5908-6482-42ac-ad70-98ea58a7da8a,2019-02-04T11:38:00,2019-02-09T14:13:00,123
9f9c5f08-230f-4b57-bfb9-6b878d36f3b7,2018-09-04T16:16:00,2018-09-06T07:57:00,39
9fbab3cc-dd93-4dd6-b8c7-9599ad972ead,2018-09-01T13:28:00,2018-09-03T10:15:00,45
a002584a-fc47-4997-be9c-bb7397e97a5a,2018-09-01T12:19:00,2018-09-06T14:15:00,122
a07b8659-c12c-41ae-8d74-65552460967d,2018-09-01T13:28:00,2018-09-03T10:15:00,45
a0c72f22-04e5-4e91-bc15-b350d877b0a3,2018-09-01T13:28:00,2018-09-03T10:15:00,45
a0e6f0d4-e295-43f5-b861-f6df8219ef5d,2018-09-04T16:16:00,2018-09-06T07:57:00,39
a1b14bfb-b9bc-423a-bd86-adc171f06b16,2018-09-04T16:16:00,2018-09-06T07:57:00,39
a1e8fb18-80b8-47ef-8ecc-323cc41fc18e,2018-09-01T12:19:00,2018-09-06T14:15:00,122
a1fcec8d-e20d-4ee7-9935-ea6b6b161624,2019-03-14T15:19:00,2019-03-15T11:49:00,20
a25febe1-d4d3-43ce-bd37-2a1e1d24c721,2018-09-04T16:16:00,2018-09-06T07:57:00,39
a31338a5-c941-474d-8285-4d61e772566f,2019-06-22T13:47:00,2019-06-24T09:04:00,44
a3709382-b2cc-4e4c-ad94-5f4488496009,2019-02-04T11:38:00,2019-02-09T14:13:00,123
a389a2f1-4082-434f-abea-13f40419146b,2018-09-04T16:16:00,2018-09-06T07:57:00,39
a3e5887d-6e65-4ff2-ab04-0227fb62a1e4,2018-09-01T12:19:00,2018-09-06T14:15:00,122
a54437bf-7644-454d-bf52-6bb25b62312e,2018-09-01T12:19:00,2018-09-06T14:15:00,122
a5ee5bfe-276b-4c0b-a13f-03e4f423a5c6,2018-09-04T16:16:00,2018-09-06T07:57:00,39
a6b5dcd3-cc72-4e6c-914c-59c3591b7819,2018-09-04T16:16:00,2018-09-06T07:57:00,39
a7079c4b-f6c7-4d85-813a-338cc23fc35d,2018-09-01T12:19:00,2018-09-06T14:15:00,122
a71576bb-7b54-41f5-84a1-42dbc438b603,2019-02-04T11:38:00,2019-02-09T14:13:00,123
a7588cf4-627b-4b29-9851-a071dabda83a,2018-09-01T13:28:00,2018-09-03T10:15:00,45
a7715c71-2a77-4946-9f6f-8268f2085cde,2018-09-04T16:16:00,2018-09-06T07:57:00,39
a7786ebd-312e-43e4-95fd-940b41cc3f7d,2019-03-14T15:19:00,2019-03-15T11:49:00,20
a7a57ae7-0e97-41a1-b155-b313269e566c,2019-02-04T11:38:00,2019-02-09T14:13:00,123
a87c9a24-c5fe-4ad7-8054-80d767170650,2018-09-01T13:28:00,2018-09-03T10:15:00,45
a8eadbd2-d514-4d13-9ab0-6af35b72e8a9,2019-03-14T15:19:00,2019-03-15T11:49:00,20
a91435d3-86d3-47fa-9f68-c4b17b64f0af,2019-07-29T15:09:00,2019-07-30T10:03:00,19
a9950f76-2950-4566-a68b-9dbe2f0ff91c,2018-09-01T12:19:00,2018-09-06T14:15:00,122
aa8c1597-4252-40e2-878d-bba18dc50a54,2018-09-01T13:28:00,2018-09-03T10:15:00,45
aa961597-087b-4ddd-9680-dbe946ae1966,2019-06-22T13:47:00,2019-06-24T09:04:00,44
ab6f49a7-db6b-4aea-8298-6a23d4c4ba1c,2018-09-01T13:28:00,2018-09-03T10:15:00,45
abbea5a5-0e67-49e8-afa6-681f3aa144ab,2018-12-23T14:34:00,2018-12-24T10:17:00,20
abfe05d5-719d-4765-a90e-147e7c103218,2018-09-01T13:28:00,2018-09-03T10:15:00,45
ac2ea2ea-1645-4a6d-ade1-2801c8281811,2018-09-04T16:16:00,2018-09-06T07:57:00,39
acd4ec3a-a515-4dd6-815e-3b65a2a032be,2018-09-04T16:16:00,2018-09-06T07:57:00,39
adc90777-5492-4e6a-ae6c-2c4073e373fb,2018-09-01T13:28:00,2018-09-03T10:15:00,45
adced1de-0944-414a-8b06-4ab331e90830,2019-07-29T15:09:00,2019-07-30T10:03:00,19
ae0954f8-2ca5-46b5-8f75-580cd7746ce5,2019-03-14T15:19:00,2019-03-15T11:49:00,20
ae4e3ead-f674-4881-9c69-095ac7ece0e2,2018-09-01T13:28:00,2018-09-03T10:15:00,45
ae5a06c6-e8c4-491a-8d63-f6e1dd47b9c0,2018-09-01T13:28:00,2018-09-03T10:15:00,45
ae8c3dd5-4e75-47e3-8cdc-434692425108,2019-07-29T15:09:00,2019-07-30T10:03:00,19
af3fcb8c-cfb5-4c7b-b3ae-05c9549f5f3c,2019-03-14T15:19:00,2019-03-15T11:49:00,20
af5a0ff6-6047-4bba-a11c-a1bf08ad49e4,2018-09-01T13:28:00,2018-09-03T10:15:00,45
af7f30d2-1e26-4743-8b88-f4eea064e5e5,2019-06-22T13:47:00,2019-06-24T09:04:00,44
af8f1123-bfda-4979-9b34-1967b717e6a6,2018-09-01T13:28:00,2018-09-03T10:15:00,45
afb6eabc-9645-49c2-a299-5e6162dbde10,2019-07-29T15:09:00,2019-07-30T10:03:00,19
afdc3770-77f9-43e5-84d6-dddb97837007,2018-09-04T16:16:00,2018-09-06T07:57:00,39
b01c90ec-f93e-49a0-96d7-ac54ad998a84,2019-02-04T11:38:00,2019-02-09T14:13:00,123
b0c11806-8375-4589-b1d5-27a7fbed8036,2019-02-04T11:38:00,2019-02-09T14:13:00,123
b1099b64-b4a9-4de3-80a1-398908e94901,2018-09-01T12:19:00,2018-09-06T14:15:00,122
b1235f46-9363-4ce9-bf4b-a1ebf8a680d1,2018-09-01T13:28:00,2018-09-03T10:15:00,45
b19aa03f-fabc-432f-afb5-cb7583560247,2018-09-01T12:19:00,2018-09-06T14:15:00,122
b294b8b1-0a88-40ad-8e82-5bb68ef9e8c2,2018-09-01T12:19:00,2018-09-06T14:15:00,122
b305c148-6726-4abd-939c-47b843a232d4,2019-06-22T13:47:00,2019-06-24T09:04:00,44
b312457d-e070-41d7-9314-d65a85a6b562,2018-09-04T16:16:00,2018-09-06T07:57:00,39
b313bac7-800f-41cb-a0b1-a34bd6132f7e,2018-09-01T12:19:00,2018-09-06T14:15:00,122
b3914949-7444-465f-a1f6-5c700a6362a5,2018-09-04T16:16:00,2018-09-06T07:57:00,39
b39d92fc-949a-446f-916d-ebb160df5c25,2018-09-04T16:16:00,2018-09-06T07:57:00,39
b3bf6e3a-fad7-4a05-ab04-55e0eb138d8d,2018-09-01T13:28:00,2018-09-03T10:15:00,45
b4093e93-7f9e-43fa-bba0-67c128b03261,2019-08-13T16:25:00,2019-08-19T13:35:00,141
b40f7c7e-9952-4411-8f5a-76fb9e8a098b,2019-02-04T11:38:00,2019-02-09T14:13:00,123
b472c4a2-c752-49de-a299-5f63595e4d6f,2019-02-04T11:38:00,2019-02-09T14:13:00,123
b56c17d4-fa2d-44d8-ae71-9ff6b24f8c5a,2018-09-01T13:28:00,2018-09-03T10:15:00,45
b5e318df-78e2-41d8-95fd-e815c916b3a8,2019-03-14T15:19:00,2019-03-15T11:49:00,20
b603f86b-f4ab-47c8-ae7e-56b035115c2a,2018-09-01T13:28:00,2018-09-03T10:15:00,45
b6bcb8cb-5889-481e-b5bb-0ebb1eb51f66,2018-09-04T16:16:00,2018-09-06T07:57:00,39
b7736a4a-bdfb-46f0-a01a-b981d78af947,2018-09-01T13:28:00,2018-09-03T10:15:00,45
b809031d-9a75-4a28-9796-0acb6f0ab27d,2018-12-23T14:34:00,2018-12-24T10:17:00,20
b9748d59-0332-414a-9c1e-d3f7700d53cd,2018-09-01T13:28:00,2018-09-03T10:15:00,45
b9d13b16-b916-4bd0-a1f2-30dca9968def,2019-02-04T11:38:00,2019-02-09T14:13:00,123
b9e5ce83-2c01-49ee-90cf-241444a943b1,2018-09-01T13:28:00,2018-09-03T10:15:00,45
b9f58781-692e-42dd-9158-fb7e19a85f5e,2018-09-04T16:16:00,2018-09-06T07:57:00,39
ba7377a6-cd6e-4fbf-be62-ae43a23987f1,2018-09-01T12:19:00,2018-09-06T14:15:00,122
ba7876c6-8076-4ffc-864b-9405fe5dd9e9,2018-09-01T12:19:00,2018-09-06T14:15:00,122
bacf83f3-60df-4ce9-ad5d-ed64a725f6f7,2018-09-01T12:19:00,2018-09-06T14:15:00,122
bb7ae30a-8fc3-4926-b00f-efe5675cdb9e,2018-09-01T12:19:00,2018-09-06T14:15:00,122
bc738a1f-5d4a-4b8a-af0a-81957a65fedc,2018-09-01T13:28:00,2018-09-03T10:15:00,45
bcef82e7-7fdb-4691-b7f5-c15ae01fed81,2018-09-01T12:19:00,2018-09-06T14:15:00,122
bd9281c4-e9dc-47bd-b04e-80eead4cb857,2019-03-14T15:19:00,2019-03-15T11:49:00,20
bde96260-39cb-403a-b9ac-5e5a1b0ef604,2018-09-01T12:19:00,2018-09-06T14:15:00,122
bdecd7b3-c8cb-4d60-8570-d18eeda95505,2018-09-01T13:28:00,2018-09-03T10:15:00,45
bdf84107-d0b8-4397-b697-ebfe12d957cb,2018-09-04T16:16:00,2018-09-06T07:57:00,39
be44d8ab-84e8-4ad7-9ab2-8b218b40e629,2018-09-04T16:16:00,2018-09-06T07:57:00,39
be4f41d4-65a4-43b0-9a31-30dadc8bb041,2019-07-29T15:09:00,2019-07-30T10:03:00,19
be79e623-350d-4938-8909-a7df1c74d661,2018-09-04T16:16:00,2018-09-06T07:57:00,39
beafd188-7b37-4280-8439-b9a30b689915,2018-09-01T13:28:00,2018-09-03T10:15:00,45
beb7fdfd-66b7-46b5-bf70-5bedc1a9e24a,2019-02-04T11:38:00,2019-02-09T14:13:00,123
bf2ab4cd-e7f6-4dd0-ac55-1b9e54a72670,2018-09-01T13:28:00,2018-09-03T10:15:00,45
bfeaa9d7-912d-409a-8414-ba71c87ee443,2018-09-04T16:16:00,2018-09-06T07:57:00,39
c01fdb64-b9f8-42d1-aece-9c680fd20e8e,2018-09-01T12:19:00,2018-09-06T14:15:00,122
c18c3ad2-4456-49f3-a743-2b62fded4081,2019-03-14T15:19:00,2019-03-15T11:49:00,20
c1ce466e-60e3-4413-a108-fa3f81493c67,2018-09-01T12:19:00,2018-09-06T14:15:00,122
c2117831-adff-4936-bca2-ce4cb42afb49,2018-09-01T13:28:00,2018-09-03T10:15:00,45
c28784bd-29ac-48b1-8e2b-7d452c24d0b1,2018-09-01T13:28:00,2018-09-03T10:15:00,45
c2a655a0-fd63-4914-8bb5-45a95ef6c69f,2019-03-14T15:19:00,2019-03-15T11:49:00,20
c2ead06d-5b1e-4b15-8fbc-ce915e8ffc19,2018-12-23T14:34:00,2018-12-24T10:17:00,20
c3d12fba-07ce-495b-bf79-e173bcd21a3f,2018-09-01T12:19:00,2018-09-06T14:15:00,122
c3fdcfd0-07ca-41fd-94de-d314d84e5bb5,2019-02-04T11:38:00,2019-02-09T14:13:00,123
c4caddd8-4ce7-4538-8dbf-8b40825bb9d5,2018-12-23T14:34:00,2018-12-24T10:17:00,20
c508dc53-9a5b-49e0-9a99-9b45bd9518b6,2018-09-04T16:16:00,2018-09-06T07:57:00,39
c51ed240-4673-418e-aaf9-43e57fdd9f3f,2019-06-22T13:47:00,2019-06-24T09:04:00,44
c5abc85b-65ec-41a6-86fd-85bb3795a144,2018-09-01T12:19:00,2018-09-06T14:15:00,122
c5fb6bba-6386-4860-a97b-5db2934b4476,2019-07-29T15:09:00,2019-07-30T10:03:00,19
c5fc23eb-f338-42da-9736-eef5e71c770d,2018-09-01T13:28:00,2018-09-03T10:15:00,45
c6d8a159-ecb2-44ac-af50-3d2b26dc4581,2018-12-23T14:34:00,2018-12-24T10:17:00,20
c775c907-efa1-4a01-ab72-630bf4ed1384,2018-09-04T16:16:00,2018-09-06T07:57:00,39
c7cb8676-448a-47b9-9e56-3058956b288b,2019-08-13T16:25:00,2019-08-19T13:35:00,141
c82b3dab-a6a0-42f5-a9fd-d2b928afff4b,2018-09-01T13:28:00,2018-09-03T10:15:00,45
c90fe177-c416-498c-9546-23d5429afb29,2018-12-23T14:34:00,2018-12-24T10:17:00,20
c993278c-e146-4bb8-8119-329394921e4a,2018-09-01T12:19:00,2018-09-06T14:15:00,122
c9b3da0e-fc72-4b04-952c-f7ce2c1ef6e8,2018-12-23T14:34:00,2018-12-24T10:17:00,20
c9c1fdb5-dd87-45ec-9adb-075b699537d7,2019-03-14T15:19:00,2019-03-15T11:49:00,20
ca051c2f-4f28-4628-81ef-39d20a467a3f,2018-09-01T12:19:00,2018-09-06T14:15:00,122
ca0af895-90c0-4d1d-a0d2-b9d969a8b9b7,2019-03-14T15:19:00,2019-03-15T11:49:00,20
cb2256fe-9193-4386-b0f3-e63bdc4a839c,2019-06-22T13:47:00,2019-06-24T09:04:00,44
cb82812d-76a0-439b-8a25-c4269a610002,2019-02-04T11:38:00,2019-02-09T14:13:00,123
cbb265a3-db10-481f-8eff-17009b39e201,2018-09-01T12:19:00,2018-09-06T14:15:00,122
cc3755f6-e1e6-49f4-ba00-85c16085d305,2018-09-04T16:16:00,2018-09-06T07:57:00,39
cc99e89a-7d5d-4b33-be02-8560f5c7d583,2018-09-04T16:16:00,2018-09-06T07:57:00,39
cc9ed883-06ac-442f-be56-e126b88976f6,2018-09-01T12:19:00,2018-09-06T14:15:00,122
ccb8602d-2ab9-406b-92e5-2a14cc5d1e2f,2019-03-14T15:19:00,2019-03-15T11:49:00,20
cd208ee5-0cf9-4eb0-8777-13c35fd613f3,2018-09-04T16:16:00,2018-09-06T07:57:00,39
ce10213d-61cd-44d3-95b0-c15061db664f,2018-09-01T12:19:00,2018-09-06T14:15:00,122
cea406d9-c633-4d65-b36a-c80e143ffe34,2018-12-23T14:34:00,2018-12-24T10:17:00,20
cecc61db-d485-4502-9783-16d96fa47b04,2018-09-04T16:16:00,2018-09-06T07:57:00,39
cee06788-1162-4acf-83b0-84f2f6c13806,2018-09-01T13:28:00,2018-09-03T10:15:00,45
cefd5ee2-e0cd-477e-86be-023cadfa86b5,2018-09-01T12:19:00,2018-09-06T14:15:00,122
cf495478-4065-442b-91d3-af53bcde947f,2018-09-01T12:19:00,2018-09-06T14:15:00,122
cf831b01-6c28-4839-a769-d31eee169ede,2018-09-04T16:16:00,2018-09-06T07:57:00,39
d075e28c-4481-4b9a-96fa-5dcdc97b5e77,2018-09-01T12:19:00,2018-09-06T14:15:00,122
d0e57c27-a415-48f0-b128-bd1ad701d1ca,2018-09-04T16:16:00,2018-09-06T07:57:00,39
d2071ab7-c6bf-439d-a375-cf49f4c5bb9b,2018-09-01T12:19:00,2018-09-06T14:15:00,122
d23393fa-9ebf-40c4-90ce-2ba0ec60411d,2019-02-04T11:38:00,2019-02-09T14:13:00,123
d43d7679-46f9-4d66-bad5-2dfd2a3fbab8,2019-03-14T15:19:00,2019-03-15T11:49:00,20
d45119c3-7fc8-4a87-bde4-327e9518ded8,2018-09-01T12:19:00,2018-09-06T14:15:00,122
d503856c-b888-4b91-a354-fa6e0b51bc2a,2018-09-01T13:28:00,2018-09-03T10:15:00,45
d5f1ed1d-ccd3-472c-86fd-dfd33f74dad7,2018-09-04T16:16:00,2018-09-06T07:57:00,39
d61f37c2-aca4-4b20-b168-f5882569bf47,2019-02-04T11:38:00,2019-02-09T14:13:00,123
d64b2e26-d3f9-41e6-960d-cf79863a48b2,2018-09-04T16:16:00,2018-09-06T07:57:00,39
d6cfddcd-8b31-470a-b75a-80fce6478747,2018-12-23T14:34:00,2018-12-24T10:17:00,20
d71a579f-0862-44a0-b1a9-c60213d5861b,2018-09-04T16:16:00,2018-09-06T07:57:00,39
d84e0c74-11eb-4de7-814a-df8e47754ed0,2018-12-23T14:34:00,2018-12-24T10:17:00,20
d8730944-7329-4f7d-aa67-4485ec47680b,2019-02-04T11:38:00,2019-02-09T14:13:00,123
d9649f38-2335-4d26-91e9-f85d6519a2d5,2018-09-01T12:19:00,2018-09-06T14:15:00,122
d9674e66-c0e3-4f22-81db-f083a0149e4f,2019-02-04T11:38:00,2019-02-09T14:13:00,123
d9923fe7-8cb7-404f-b489-ef7a50863021,2018-09-01T12:19:00,2018-09-06T14:15:00,122
d9b4343d-a0cf-44c3-a7c1-77332f01652e,2019-02-04T11:38:00,2019-02-09T14:13:00,123
dc181b5c-6a06-453c-8988-8eb01cb6cea6,2018-12-23T14:34:00,2018-12-24T10:17:00,20
dc725834-2142-48dc-a3ac-33aa32866e98,2018-09-01T12:19:00,2018-09-06T14:15:00,122
dc80689a-f2fc-4929-81e2-6a642b87ca7c,2018-12-23T14:34:00,2018-12-24T10:17:00,20
dcdaafd5-9078-47f2-8a81-550ff5f3c816,2018-09-01T12:19:00,2018-09-06T14:15:00,122
dcff4ebb-b4ca-43b3-91d0-e9ee4e7b736c,2018-09-01T12:19:00,2018-09-06T14:15:00,122
dd5242e2-f3f1-47c5-856c-cbede9992c30,2018-09-04T16:16:00,2018-09-06T07:57:00,39
dd991cbf-094b-443c-a961-c91ab1e54d81,2019-07-29T15:09:00,2019-07-30T10:03:00,19
ddcabe78-fbf1-41da-add4-5bed3924a0c3,2018-09-01T13:28:00,2018-09-03T10:15:00,45
ddcbdc1c-bcef-4e0b-9d37-81d7bb704af1,2019-02-04T11:38:00,2019-02-09T14:13:00,123
ddd59158-f3d0-47f8-89e1-be66c125db01,2019-03-14T15:19:00,2019-03-15T11:49:00,20
dddbc0c7-3d1e-4629-93eb-027d8ccd5169,2019-02-04T11:38:00,2019-02-09T14:13:00,123
de05d038-e835-4f74-b85f-7252a1f91dd2,2019-02-04T11:38:00,2019-02-09T14:13:00,123
df5fb082-e312-477e-814c-20141d787eb9,2018-12-23T14:34:00,2018-12-24T10:17:00,20
df7febc4-8ca9-4a44-9aba-3bfd571d3298,2018-12-23T14:34:00,2018-12-24T10:17:00,20
dfa4176e-0898-41ee-af57-4cdfdc029758,2018-12-23T14:34:00,2018-12-24T10:17:00,20
e008787e-cb7c-4694-b07b-ea321d2fd259,2018-09-04T16:16:00,2018-09-06T07:57:00,39
e0629f17-cef7-4c30-899d-39ffe903a38f,2018-09-01T13:28:00,2018-09-03T10:15:00,45
e0c5a1c6-a6fd-43f8-bc68-37868c5a2d06,2018-12-23T14:34:00,2018-12-24T10:17:00,20
e0f94333-c3b2-4682-a41e-ea86c175ebec,2018-09-01T12:19:00,2018-09-06T14:15:00,122
e115f907-21d7-41a0-9607-08cfe283a940,2018-09-01T13:28:00,2018-09-03T10:15:00,45
e192a0f7-cb2d-4ee5-9489-4ddae3ff2612,2018-12-23T14:34:00,2018-12-24T10:17:00,20
e23ecb97-2f0c-4c74-a0f1-c8b080c00102,2018-09-01T12:19:00,2018-09-06T14:15:00,122
e28d843f-a563-4a56-ba19-6cd9840e2053,2018-09-01T12:19:00,2018-09-06T14:15:00,122
e29abb22-1e57-4d75-a869-a8ac1f1de4ac,2018-09-04T16:16:00,2018-09-06T07:57:00,39
e2f81205-0f57-4137-95c6-1ea433fcde29,2019-02-04T11:38:00,2019-02-09T14:13:00,123
e49e38e1-7fc3-47fc-8dbc-b309c580529b,2018-09-04T16:16:00,2018-09-06T07:57:00,39
e5143574-bf7f-4ad2-a712-d4611189e92e,2019-06-22T13:47:00,2019-06-24T09:04:00,44
e61f0184-5c34-40c2-a7ad-ec302bdbdf28,2018-09-01T12:19:00,2018-09-06T14:15:00,122
e6bc28be-d182-42d7-acc2-03b6c51a8c0b,2018-09-01T12:19:00,2018-09-06T14:15:00,122
e6ef276e-affe-4abb-8857-36dbad01edd6,2018-09-01T13:28:00,2018-09-03T10:15:00,45
e72d36f5-996d-4e52-8bc3-602f415d3ecf,2018-09-04T16:16:00,2018-09-06T07:57:00,39
e73c4f7d-643c-4ebd-b14c-9f169df2dd3e,2018-12-23T14:34:00,2018-12-24T10:17:00,20
e756e64b-eb33-4632-8f4d-030ca38f93b4,2018-09-01T13:28:00,2018-09-03T10:15:00,45
e7bb2d93-e9b8-4213-87f3-f8960cee2926,2019-02-04T11:38:00,2019-02-09T14:13:00,123
e7d967ad-77c3-4ff6-8072-bccd6cffe6ed,2018-09-01T12:19:00,2018-09-06T14:15:00,122
e8e3460a-79a1-473c-bd72-f1e2282b071b,2019-06-22T13:47:00,2019-06-24T09:04:00,44
e91adf81-0146-4133-97da-8f2e2aadc90c,2019-02-04T11:38:00,2019-02-09T14:13:00,123
ea1ad2cd-6bf4-474f-b2c4-62440141f35b,2019-02-04T11:38:00,2019-02-09T14:13:00,123
ea1fd683-dcf5-4937-93ef-eef5fae62a66,2019-07-29T15:09:00,2019-07-30T10:03:00,19
ea435a98-1675-465c-9113-293feee411cd,2018-09-04T16:16:00,2018-09-06T07:57:00,39
ea8042a7-8320-4a0a-ab76-75061a4f1651,2018-09-01T12:19:00,2018-09-06T14:15:00,122
eaa7ad20-1098-4107-b823-bf0cc5adea2b,2018-09-01T12:19:00,2018-09-06T14:15:00,122
eade629a-49ff-4df9-81b1-5e6c9ad61477,2018-09-04T16:16:00,2018-09-06T07:57:00,39
eb35888d-8ac9-4733-b066-91dca0681c0a,2018-09-04T16:16:00,2018-09-06T07:57:00,39
eb959451-dfac-4f67-a48a-905ca425fb0c,2018-09-01T13:28:00,2018-09-03T10:15:00,45
ec22414d-2171-468f-840d-c7982f69ab86,2018-09-01T12:19:00,2018-09-06T14:15:00,122
ec246ae2-0c9c-4758-afde-d226aed44585,2018-12-23T14:34:00,2018-12-24T10:17:00,20
ec36cec6-1a3b-41b2-b416-93b3308d6aa6,2019-02-04T11:38:00,2019-02-09T14:13:00,123
ec5a9e0d-e365-40ed-89b5-79494c4cc1c1,2018-09-01T13:28:00,2018-09-03T10:15:00,45
ecbcc69a-82c6-43d4-892c-13e2d29af11a,2018-09-04T16:16:00,2018-09-06T07:57:00,39
ecd1a942-d172-4ca1-8597-78e8588b0501,2018-09-01T12:19:00,2018-09-06T14:15:00,122
ece2dec4-5ab4-4edd-820d-7b4226f9dc8f,2019-02-04T11:38:00,2019-02-09T14:13:00,123
ed771dba-0df9-4f7c-8225-f82c23181fc0,2019-02-04T11:38:00,2019-02-09T14:13:00,123
edb01d54-80d3-48c3-9956-7042c6c5d28f,2019-03-14T15:19:00,2019-03-15T11:49:00,20
eec8a5f1-d7e8-40f0-bbe1-b9718d68cf16,2018-09-01T12:19:00,2018-09-06T14:15:00,122
eeebab77-63ff-4e58-bb73-7071b064313a,2018-09-04T16:16:00,2018-09-06T07:57:00,39
ef3fc5df-ef2f-4611-a3a4-6a09bb265415,2019-03-14T15:19:00,2019-03-15T11:49:00,20
ef513eae-e904-4c14-8a92-381caa8dc0ad,2018-09-01T12:19:00,2018-09-06T14:15:00,122
efd17a16-58f0-4948-ad6c-7415bb9f7226,2019-03-14T15:19:00,2019-03-15T11:49:00,20
f0631fba-06d4-426c-a347-dd473da089fd,2018-09-01T13:28:00,2018-09-03T10:15:00,45
f0989082-157a-4f2c-9550-2bef12c15b3a,2018-09-01T12:19:00,2018-09-06T14:15:00,122
f1400908-5652-493a-a8a8-66e11dc4212b,2018-09-01T12:19:00,2018-09-06T14:15:00,122
f1a3f576-1a11-49fd-8a22-c1d533241eda,2019-02-04T11:38:00,2019-02-09T14:13:00,123
f29cfd0a-bf79-4b94-8984-a7fdf5573f58,2019-02-04T11:38:00,2019-02-09T14:13:00,123
f2e84af8-513c-41e4-ae2f-3cd0f2b72b1b,2018-09-04T16:16:00,2018-09-06T07:57:00,39
f2ffc580-8463-48cc-996f-d1c11d0edc43,2018-09-01T12:19:00,2018-09-06T14:15:00,122
f3300e7a-c38c-42b5-bc4f-05a58350b14f,2018-09-01T13:28:00,2018-09-03T10:15:00,45
f4297f5c-6dea-4a3f-95f6-76f4fb3fa154,2019-06-22T13:47:00,2019-06-24T09:04:00,44
f4e92cec-4996-45ae-be03-fd4ad5df211b,2018-09-04T16:16:00,2018-09-06T07:57:00,39
f4ec1cc2-8ba9-4ead-b3e1-71e8f08f1841,2018-09-01T13:28:00,2018-09-03T10:15:00,45
f57df14f-6d3a-410a-a0d8-a964852fe918,2018-12-23T14:34:00,2018-12-24T10:17:00,20
f5ad5d12-7a9b-41ce-808e-9e9c8fd84245,2019-02-04T11:38:00,2019-02-09T14:13:00,123
f68eaedb-7606-4319-9a8a-072e13dcb3e1,2019-03-14T15:19:00,2019-03-15T11:49:00,20
f69a6a5c-535d-4870-a497-e690b96ef7c1,2018-09-01T13:28:00,2018-09-03T10:15:00,45
f75cef93-a1b6-4688-9b83-39917241485c,2019-07-29T15:09:00,2019-07-30T10:03:00,19
f78e5cb8-6249-40aa-b120-f999b1042d36,2018-09-04T16:16:00,2018-09-06T07:57:00,39
f82c01c8-594c-433b-bdf6-3515253f19c4,2019-02-04T11:38:00,2019-02-09T14:13:00,123
f8fa426b-cb39-4fd9-bc10-978f00b04d46,2019-02-04T11:38:00,2019-02-09T14:13:00,123
f902ae02-fd43-43dc-a22f-8f5814b99ee8,2018-09-01T13:28:00,2018-09-03T10:15:00,45
f91bc8cb-0f4a-4148-ad66-fb32a05fae62,2018-12-23T14:34:00,2018-12-24T10:17:00,20
f930d32c-4dbd-4ca6-b5a6-6987dbdeedff,2018-09-01T13:28:00,2018-09-03T10:15:00,45
fa809c80-1b48-4306-8318-10f835c22a64,2018-09-01T12:19:00,2018-09-06T14:15:00,122
fae97f58-9c5b-45ce-9f13-449ab3ada55b,2018-09-01T13:28:00,2018-09-03T10:15:00,45
fbab6a7f-906d-422c-a95f-ab84c3b6a81b,2018-12-23T14:34:00,2018-12-24T10:17:00,20
fcd3d4b0-77af-473a-b2b2-b657dd3a1f30,2018-12-23T14:34:00,2018-12-24T10:17:00,20
fde5e5a2-93ca-41c7-8652-7b543e72cf45,2019-07-29T15:09:00,2019-07-30T10:03:00,19
fe12931b-d82b-4ede-9fe2-9e56437a1429,2019-02-04T11:38:00,2019-02-09T14:13:00,123
fe1c1e5f-b263-4808-a90b-641d03afe7fb,2018-09-01T13:28:00,2018-09-03T10:15:00,45
fe282cf2-220d-4798-825c-608be15977ad,2018-09-01T12:19:00,2018-09-06T14:15:00,122
fe38e603-445a-4e32-b2cf-a4ecb64fd239,2019-02-04T11:38:00,2019-02-09T14:13:00,123
fe8f5c16-c22d-45e3-9e3a-260c7ee967fc,2019-06-22T13:47:00,2019-06-24T09:04:00,44
fed5b355-58df-4a91-abee-fa8276ea9a96,2019-02-04T11:38:00,2019-02-09T14:13:00,123
ff08e725-9966-47a3-a48d-8bb5f4c03e9d,2019-02-04T11:38:00,2019-02-09T14:13:00,123
ff23120d-abd1-437e-a496-da41ea3bf52a,2019-02-04T11:38:00,2019-02-09T14:13:00,123
ffc1b2c6-4deb-402d-98ac-275a42ee85b1,2019-07-29T15:09:00,2019-07-30T10:03:00,19